{
    "avg_error_rate": 0.11808161778101653,
    "perfect_strand": 332,
    "pos_error_rate": [
        0.01002004008016032,
        0.01002004008016032,
        0.022044088176352707,
        0.031062124248496994,
        0.02404809619238477,
        0.02905811623246493,
        0.031062124248496994,
        0.04008016032064128,
        0.04609218436873747,
        0.04308617234468938,
        0.04408817635270541,
        0.05110220440881764,
        0.04909819639278557,
        0.05711422845691383,
        0.061122244488977955,
        0.05811623246492986,
        0.07114228456913828,
        0.06813627254509018,
        0.0781563126252505,
        0.07915831663326653,
        0.08016032064128256,
        0.08216432865731463,
        0.09118236472945891,
        0.08517034068136273,
        0.09719438877755511,
        0.0871743486973948,
        0.10320641282565131,
        0.11022044088176353,
        0.11322645290581163,
        0.12424849699398798,
        0.12124248496993988,
        0.12725450901803606,
        0.12224448897795591,
        0.13627254509018036,
        0.14529058116232466,
        0.13827655310621242,
        0.156312625250501,
        0.1432865731462926,
        0.14729458917835672,
        0.1593186372745491,
        0.1653306613226453,
        0.1623246492985972,
        0.17234468937875752,
        0.18236472945891782,
        0.17635270541082165,
        0.18036072144288579,
        0.20140280561122245,
        0.18537074148296592,
        0.20240480961923848,
        0.1843687374749499,
        0.20741482965931865,
        0.1963927855711423,
        0.19939879759519039,
        0.22144288577154309,
        0.23246492985971945,
        0.22144288577154309,
        0.22645290581162325,
        0.23446893787575152,
        0.22144288577154309,
        0.21442885771543085,
        0.21042084168336672,
        0.21743486973947895,
        0.20240480961923848,
        0.20040080160320642,
        0.19438877755511022,
        0.18837675350701402,
        0.19238476953907815,
        0.1743486973947896,
        0.18236472945891782,
        0.17635270541082165,
        0.16132264529058116,
        0.1713426853707415,
        0.16633266533066132,
        0.15531062124248496,
        0.1623246492985972,
        0.15030060120240482,
        0.14829659318637275,
        0.1402805611222445,
        0.1402805611222445,
        0.14529058116232466,
        0.1402805611222445,
        0.13527054108216433,
        0.12725450901803606,
        0.12224448897795591,
        0.10821643286573146,
        0.10521042084168336,
        0.10020040080160321,
        0.11022044088176353,
        0.10420841683366733,
        0.09919839679358718,
        0.10420841683366733,
        0.0871743486973948,
        0.09819639278557114,
        0.08617234468937876,
        0.0781563126252505,
        0.07915831663326653,
        0.08016032064128256,
        0.06513026052104208,
        0.06312625250501001,
        0.056112224448897796,
        0.05711422845691383,
        0.05110220440881764,
        0.04208416833667335,
        0.03206412825651302,
        0.033066132264529056,
        0.026052104208416832,
        0.026052104208416832,
        0.012024048096192385,
        0.014028056112224449,
        0.003006012024048096
    ]
}