{
    "avg_error_rate": 0.42735470941883763,
    "perfect_strand": 0,
    "pos_error_rate": [
        0.009018036072144289,
        0.008016032064128256,
        0.01903807615230461,
        0.02404809619238477,
        0.05711422845691383,
        0.05711422845691383,
        0.0841683366733467,
        0.11322645290581163,
        0.1312625250501002,
        0.1623246492985972,
        0.18036072144288579,
        0.2094188376753507,
        0.24749498997995992,
        0.2695390781563126,
        0.2635270541082164,
        0.3096192384769539,
        0.343687374749499,
        0.3527054108216433,
        0.3937875751503006,
        0.39879759519038077,
        0.4258517034068136,
        0.4338677354709419,
        0.4559118236472946,
        0.467935871743487,
        0.4849699398797595,
        0.5170340681362725,
        0.5150300601202404,
        0.5480961923847696,
        0.5220440881763527,
        0.5340681362725451,
        0.5531062124248497,
        0.5651302605210421,
        0.5841683366733467,
        0.5460921843687375,
        0.593186372745491,
        0.5731462925851704,
        0.5721442885771543,
        0.5891783567134269,
        0.5771543086172345,
        0.5861723446893787,
        0.593186372745491,
        0.5951903807615231,
        0.6032064128256514,
        0.593186372745491,
        0.5971943887775552,
        0.6112224448897795,
        0.6152304609218436,
        0.6232464929859719,
        0.591182364729459,
        0.6002004008016032,
        0.6032064128256514,
        0.62625250501002,
        0.6422845691382766,
        0.6302605210420842,
        0.6683366733466933,
        0.6703406813627254,
        0.6412825651302605,
        0.6192384769539078,
        0.6372745490981964,
        0.6122244488977956,
        0.6232464929859719,
        0.6402805611222445,
        0.6112224448897795,
        0.6162324649298597,
        0.6032064128256514,
        0.6032064128256514,
        0.5971943887775552,
        0.5851703406813628,
        0.5801603206412825,
        0.6132264529058116,
        0.6022044088176353,
        0.5701402805611222,
        0.593186372745491,
        0.6052104208416834,
        0.5771543086172345,
        0.5661322645290581,
        0.5601202404809619,
        0.5621242484969939,
        0.5380761523046093,
        0.5470941883767535,
        0.5240480961923848,
        0.5130260521042084,
        0.501002004008016,
        0.5090180360721442,
        0.5220440881763527,
        0.46092184368737477,
        0.49498997995991983,
        0.48296593186372744,
        0.4308617234468938,
        0.43987975951903807,
        0.41382765531062127,
        0.3927855711422846,
        0.36472945891783565,
        0.35771543086172347,
        0.3196392785571142,
        0.2835671342685371,
        0.2635270541082164,
        0.23146292585170342,
        0.2154308617234469,
        0.18637274549098196,
        0.15430861723446893,
        0.12024048096192384,
        0.09118236472945891,
        0.09919839679358718,
        0.06412825651302605,
        0.045090180360721446,
        0.033066132264529056,
        0.028056112224448898,
        0.014028056112224449,
        0.00501002004008016
    ]
}