{
    "avg_error_rate": 0.03720167607943159,
    "perfect_strand": 300,
    "ref_avg_error_rate": 0.11808161778101653,
    "ref_perfect_strand": 332
}