{
    "avg_error_rate": 0.03720167607943159,
    "perfect_strand": 300,
    "pos_error_rate": [
        0.0,
        0.0,
        0.0,
        0.001002004008016032,
        0.001002004008016032,
        0.001002004008016032,
        0.003006012024048096,
        0.002004008016032064,
        0.004008016032064128,
        0.004008016032064128,
        0.00501002004008016,
        0.001002004008016032,
        0.0070140280561122245,
        0.003006012024048096,
        0.00501002004008016,
        0.0070140280561122245,
        0.008016032064128256,
        0.009018036072144289,
        0.004008016032064128,
        0.012024048096192385,
        0.0070140280561122245,
        0.013026052104208416,
        0.02004008016032064,
        0.012024048096192385,
        0.01903807615230461,
        0.02404809619238477,
        0.017034068136272545,
        0.023046092184368736,
        0.022044088176352707,
        0.03206412825651302,
        0.031062124248496994,
        0.031062124248496994,
        0.03807615230460922,
        0.03507014028056112,
        0.036072144288577156,
        0.047094188376753505,
        0.050100200400801605,
        0.05511022044088176,
        0.04909819639278557,
        0.052104208416833664,
        0.05410821643286573,
        0.06813627254509018,
        0.06012024048096192,
        0.06713426853707415,
        0.06713426853707415,
        0.07515030060120241,
        0.08016032064128256,
        0.08216432865731463,
        0.08016032064128256,
        0.08316633266533066,
        0.09819639278557114,
        0.0871743486973948,
        0.0871743486973948,
        0.10120240480961924,
        0.11322645290581163,
        0.10120240480961924,
        0.12725450901803606,
        0.10721442885771543,
        0.10721442885771543,
        0.09719438877755511,
        0.10020040080160321,
        0.09018036072144289,
        0.1092184368737475,
        0.08817635270541083,
        0.0781563126252505,
        0.07615230460921844,
        0.0811623246492986,
        0.08016032064128256,
        0.07414829659318638,
        0.06913827655310621,
        0.07114228456913828,
        0.05511022044088176,
        0.06613226452905811,
        0.05811623246492986,
        0.05911823647294589,
        0.045090180360721446,
        0.04809619238476954,
        0.04208416833667335,
        0.04408817635270541,
        0.03006012024048096,
        0.028056112224448898,
        0.03406813627254509,
        0.026052104208416832,
        0.025050100200400802,
        0.02404809619238477,
        0.022044088176352707,
        0.01903807615230461,
        0.017034068136272545,
        0.014028056112224449,
        0.01002004008016032,
        0.013026052104208416,
        0.0070140280561122245,
        0.00501002004008016,
        0.009018036072144289,
        0.003006012024048096,
        0.009018036072144289,
        0.0070140280561122245,
        0.002004008016032064,
        0.00501002004008016,
        0.003006012024048096,
        0.003006012024048096,
        0.002004008016032064,
        0.001002004008016032,
        0.0,
        0.001002004008016032,
        0.0,
        0.0,
        0.001002004008016032,
        0.0,
        0.0
    ]
}