{
    "avg_error_rate": 0.12375660411732559,
    "perfect_strand": 338,
    "pos_error_rate": [
        0.01002004008016032,
        0.014028056112224449,
        0.01903807615230461,
        0.022044088176352707,
        0.02905811623246493,
        0.036072144288577156,
        0.027054108216432865,
        0.04408817635270541,
        0.045090180360721446,
        0.04408817635270541,
        0.05410821643286573,
        0.05711422845691383,
        0.05711422845691383,
        0.06412825651302605,
        0.05511022044088176,
        0.06412825651302605,
        0.07615230460921844,
        0.08216432865731463,
        0.08917835671342686,
        0.09819639278557114,
        0.09018036072144289,
        0.08817635270541083,
        0.09118236472945891,
        0.09819639278557114,
        0.1062124248496994,
        0.10721442885771543,
        0.11122244488977956,
        0.11022044088176353,
        0.12124248496993988,
        0.12124248496993988,
        0.1282565130260521,
        0.13326653306613226,
        0.13627254509018036,
        0.14729458917835672,
        0.13627254509018036,
        0.15030060120240482,
        0.14729458917835672,
        0.14829659318637275,
        0.16633266533066132,
        0.1623246492985972,
        0.17034068136272545,
        0.1683366733466934,
        0.18336673346693386,
        0.1813627254509018,
        0.187374749498998,
        0.18637274549098196,
        0.19438877755511022,
        0.18937875751503006,
        0.19238476953907815,
        0.1933867735470942,
        0.2094188376753507,
        0.19739478957915832,
        0.218436873747495,
        0.22144288577154309,
        0.2565130260521042,
        0.2565130260521042,
        0.2374749498997996,
        0.2374749498997996,
        0.24048096192384769,
        0.23246492985971945,
        0.21943887775551102,
        0.22545090180360722,
        0.20741482965931865,
        0.21442885771543085,
        0.21042084168336672,
        0.20741482965931865,
        0.19939879759519039,
        0.18236472945891782,
        0.18637274549098196,
        0.18336673346693386,
        0.18537074148296592,
        0.17334669338677355,
        0.18236472945891782,
        0.1713426853707415,
        0.1653306613226453,
        0.1462925851703407,
        0.17034068136272545,
        0.1523046092184369,
        0.14529058116232466,
        0.13927855711422846,
        0.13927855711422846,
        0.13226452905811623,
        0.14228456913827656,
        0.12625250501002003,
        0.12625250501002003,
        0.12124248496993988,
        0.11022044088176353,
        0.11222444889779559,
        0.10821643286573146,
        0.09819639278557114,
        0.10420841683366733,
        0.08817635270541083,
        0.09118236472945891,
        0.09218436873747494,
        0.0811623246492986,
        0.07715430861723446,
        0.07615230460921844,
        0.07715430861723446,
        0.06813627254509018,
        0.050100200400801605,
        0.04609218436873747,
        0.045090180360721446,
        0.03507014028056112,
        0.03406813627254509,
        0.03206412825651302,
        0.023046092184368736,
        0.026052104208416832,
        0.01503006012024048,
        0.012024048096192385,
        0.012024048096192385
    ]
}